Reference area,TIME_PERIOD,OBS_VALUE
Norway,1990,310
Norway,1989,296
Norway,1988,293
Norway,1987,283
Norway,1986,270
Norway,1985,260
Norway,2022,609
Norway,2021,604
Norway,2020,593
Norway,2019,593
Norway,2018,588
Norway,2017,583
Norway,2016,578
Norway,2015,569
Norway,2014,562
Norway,2013,555
Norway,2012,545
Norway,2011,536
Norway,1976,185
Norway,1975,169
Norway,1974,154
Norway,2008,504
Norway,2007,489
Norway,2006,478
Norway,2005,462
Norway,2004,457
Norway,2003,445
Norway,2002,442
Norway,2001,431
Norway,2000,415
Norway,1999,407
Norway,1998,397
Norway,1997,387
Norway,1996,377
Norway,1995,366
Norway,1994,353
Norway,1993,346
Norway,1992,335
Norway,1991,323
Norway,1971,123
Norway,1970,113
Norway,1984,256
Norway,1983,254
Norway,1982,250
Norway,1981,251
Norway,1980,241
Norway,1979,228
Norway,1978,215
Norway,1977,200
Norway,2010,523
Norway,2009,515
Norway,1973,144
Norway,1972,135
Slovak Republic,2001,140.567
Slovak Republic,2000,138.907
Slovak Republic,1999,136.719
Slovak Republic,2023,149.115
Slovak Republic,2022,148.159
Slovak Republic,2021,143.36
Slovak Republic,2020,142.112
Slovak Republic,2019,140.037
Slovak Republic,2018,136.421
Slovak Republic,2017,136.647
Slovak Republic,2016,134.583
Slovak Republic,2015,130.858
Slovak Republic,2014,128.973
Slovak Republic,2013,123.989
Slovak Republic,2012,124.625
Slovak Republic,1996,129.09
Slovak Republic,1995,132.345
Slovak Republic,2009,121.97
Slovak Republic,2008,127.911
Slovak Republic,2007,126.76
Slovak Republic,2006,121.732
Slovak Republic,2005,122.414
Slovak Republic,2004,131.569
Slovak Republic,2003,139.216
Slovak Republic,2002,140.409
Slovak Republic,2011,124.994
Slovak Republic,2010,123.295
Slovak Republic,1998,132.529
Slovak Republic,1997,129.722
Switzerland,2001,423.113891
Switzerland,2000,417.546392
Switzerland,1999,407.435208
Switzerland,2023,768.519878
Switzerland,2022,747.852041
Switzerland,2021,738.233491
Switzerland,2020,719.128289
Switzerland,2019,709.487587
Switzerland,2018,698.202358
Switzerland,2017,682.545313
Switzerland,2016,666.062978
Switzerland,2015,637.901627
Switzerland,2014,610.153528
Switzerland,2013,595.029366
Switzerland,2012,577.388923
Switzerland,1996,380.187682
Switzerland,1995,369.329157
Switzerland,2009,517.543437
Switzerland,2008,502.089597
Switzerland,2007,485.468134
Switzerland,2006,477.741774
Switzerland,2005,467.486372
Switzerland,2004,454.744158
Switzerland,2003,446.603727
Switzerland,2002,431.469266
Switzerland,2011,553.628567
Switzerland,2010,528.621356
Switzerland,1998,402.383863
Switzerland,1997,392.553
Portugal,2001,289.111
Portugal,2000,284.304
Portugal,1999,276.186
Portugal,2022,436.367
Portugal,2021,430.949
Portugal,2020,416.032
Portugal,2019,405.637
Portugal,2018,400.202
Portugal,2017,391.007
Portugal,2016,378.949
Portugal,2015,365.364
Portugal,2014,358.629
Portugal,2013,350.998
Portugal,2012,349.58
Portugal,1996,248.366
Portugal,1995,241.618
Portugal,2009,340.864
Portugal,2008,330.56
Portugal,2007,319.798
Portugal,2006,317.086
Portugal,2005,314.919
Portugal,2004,308.395
Portugal,2003,303.442
Portugal,2002,301.958
Portugal,2011,350.157
Portugal,2010,343.673
Portugal,1998,260.63
Portugal,1997,250.786
Belgium,2001,415.8
Belgium,2000,400.9
Belgium,1999,385.8
Belgium,2022,674.1
Belgium,2021,664.8
Belgium,2020,657.4
Belgium,2019,647.9
Belgium,2018,633.8
Belgium,2017,621.6
Belgium,2016,605.2
Belgium,2015,590.4
Belgium,2014,577.8
Belgium,2013,567.7
Belgium,2012,558.5
Belgium,1996,351.8
Belgium,1995,343.8
Belgium,2009,510.6
Belgium,2008,495.3
Belgium,2007,483.5
Belgium,2006,472.1
Belgium,2005,461.4
Belgium,2004,448.5
Belgium,2003,437.8
Belgium,2002,426.5
Belgium,2011,545.9
Belgium,2010,529
Belgium,1998,373.1
Belgium,1997,364.8
United States,2006,17416
United States,2005,16912
United States,2004,16661
United States,2022,21517
United States,2021,21203
United States,2020,20738
United States,2019,21701
United States,2018,21132
United States,2017,20718
United States,2001,15311
United States,2000,14933
United States,2014,19576
United States,2013,19562
United States,2012,19407
United States,2011,18903
United States,2010,18908
United States,2009,18631
United States,2008,18235
United States,2007,17833
United States,2016,20589
United States,2015,20076
United States,2003,16432
United States,2002,15901
Finland,2000,303.9
Finland,1999,297.9
Finland,1998,295.3
Finland,1997,292.9
Finland,1996,287.7
Finland,1995,281.7
Finland,2022,468.6
Finland,2021,453
Finland,1986,284.9
Finland,1985,278.1
Finland,1984,269.3
Finland,2018,426.6
Finland,2017,413.9
Finland,2016,407.8
Finland,2015,402.4
Finland,2014,397.2
Finland,2013,395.9
Finland,2012,392.4
Finland,2011,382
Finland,2010,372
Finland,2009,368.2
Finland,2008,360.5
Finland,2007,348.5
Finland,2006,342.5
Finland,2005,336.6
Finland,2004,330
Finland,2003,324.9
Finland,2002,321
Finland,2001,314
Finland,1981,242.6
Finland,1980,233.3
Finland,1994,278.1
Finland,1993,280.3
Finland,1992,298.2
Finland,1991,306.8
Finland,1990,307.1
Finland,1989,305.1
Finland,1988,298.6
Finland,1987,291.8
Finland,2020,438.2
Finland,2019,438.3
Finland,1983,257.3
Finland,1982,250.9
Hungary,2001,255.321
Hungary,2000,260.349
Hungary,1999,254.331
Hungary,2022,321.198
Hungary,2021,323.813
Hungary,2020,323.901
Hungary,2019,318.598
Hungary,2018,312.54
Hungary,2017,303.987
Hungary,2016,305.168
Hungary,2015,296.577
Hungary,2014,292.352
Hungary,2013,279.869
Hungary,2012,270.666
Hungary,1996,241.601
Hungary,1995,246.007
Hungary,2009,287.375
Hungary,2008,263.829
Hungary,2007,269.977
Hungary,2006,282.076
Hungary,2005,276.894
Hungary,2004,284.287
Hungary,2003,284.483
Hungary,2002,257.43
Hungary,2011,276.4
Hungary,2010,265.258
Hungary,1998,259.578
Hungary,1997,252.567
Sweden,1999,702
Sweden,1998,690
Sweden,1997,678
Sweden,2022,190
Sweden,2021,859
Sweden,2020,853
Sweden,2019,851
Sweden,2018,853
Sweden,2017,841
Sweden,2016,843
Sweden,2015,808
Sweden,2014,777
Sweden,2013,760
Sweden,2012,748
Sweden,2011,751
Sweden,2010,736
Sweden,1994,662
Sweden,1993,664
Sweden,2007,741
Sweden,2006,728
Sweden,2005,729
Sweden,2004,731
Sweden,2003,729
Sweden,2002,730
Sweden,2001,715
Sweden,2000,716
Sweden,2009,739
Sweden,2008,743
Sweden,1996,682
Sweden,1995,686
Slovenia,2001,44.819
Slovenia,2000,44.013
Slovenia,1999,44.413
Slovenia,2022,75.514
Slovenia,2021,73.201
Slovenia,2020,69.637
Slovenia,2019,67.217
Slovenia,2018,65.516
Slovenia,2017,63.656
Slovenia,2016,61.681
Slovenia,2015,59.356
Slovenia,2014,58.148
Slovenia,2013,57.681
Slovenia,2012,57.453
Slovenia,1996,43.319
Slovenia,1995,43.603
Slovenia,2009,53.617
Slovenia,2008,52.373
Slovenia,2007,51.018
Slovenia,2006,50.219
Slovenia,2005,49.488
Slovenia,2004,48.156
Slovenia,2003,46.988
Slovenia,2002,46.028
Slovenia,2011,55.898
Slovenia,2010,54.798
Slovenia,1998,42.927
Slovenia,1997,43.145
Denmark,1986,394
Denmark,1985,388
Denmark,1984,379
Denmark,1983,386
Denmark,1982,383
Denmark,1981,363
Denmark,2022,565
Denmark,2021,556
Denmark,2020,532
Denmark,2019,524
Denmark,2018,518
Denmark,2017,511
Denmark,2016,506
Denmark,2015,506
Denmark,2014,508
Denmark,2013,511
Denmark,2012,507
Denmark,2011,513
Denmark,2010,523
Denmark,2009,520
Denmark,2008,506
Denmark,2007,507
Denmark,1972,213
Denmark,1971,187
Denmark,1970,165
Denmark,2004,493
Denmark,2003,494
Denmark,2002,491
Denmark,2001,487
Denmark,2000,477
Denmark,1999,472
Denmark,1998,469
Denmark,1997,456
Denmark,1996,444
Denmark,1995,438
Denmark,1994,441
Denmark,1993,440
Denmark,1992,442
Denmark,1991,440
Denmark,1990,444
Denmark,1989,429
Denmark,1988,427
Denmark,1987,406
Denmark,1967,136
Denmark,1966,127
Denmark,1980,351
Denmark,1979,330
Denmark,1978,307
Denmark,1977,286
Denmark,1976,277
Denmark,1975,266
Denmark,1974,251
Denmark,1973,230
Denmark,2006,504
Denmark,2005,497
Denmark,1969,153
Denmark,1968,144
Israel,2001,235.544277
Israel,2000,220.444091
Israel,1999,216.832069
Israel,2022,505.629989
Israel,2021,474.916471
Israel,2020,476.896081
Israel,2019,457.217758
Israel,2018,443.767018
Israel,2017,428.854832
Israel,2016,417.908856
Israel,2015,411.076883
Israel,2014,395.606145
Israel,2013,369.100867
Israel,2012,354.290205
Israel,1996,182.986567
Israel,1995,175.042993
Israel,2009,299.695343
Israel,2008,289.399896
Israel,2007,279.230092
Israel,2006,275.055705
Israel,2005,277.775847
Israel,2004,267.317263
Israel,2003,260.148746
Israel,2002,243.888403
Israel,2011,320.906178
Israel,2010,314.61987
Israel,1998,205.6
Israel,1997,187.215347
Czechia,2001,259.239
Czechia,2000,255.917
Czechia,1999,248.134
Czechia,2022,385.529
Czechia,2021,376.92
Czechia,2020,369.137
Czechia,2019,356.553
Czechia,2018,353.862
Czechia,2017,344.418
Czechia,2016,335.081
Czechia,2015,326.733
Czechia,2014,323.946
Czechia,2013,316.588
Czechia,2012,314.322
Czechia,1996,271.164
Czechia,1995,285.151
Czechia,2009,301.079
Czechia,2008,295.234
Czechia,2007,283.744
Czechia,2006,278.575
Czechia,2005,272.53
Czechia,2004,264.849
Czechia,2003,274.177
Czechia,2002,266.324
Czechia,2011,309.353
Czechia,2010,299.371
Czechia,1998,250.583
Czechia,1997,261.485
Greece,2001,180.072
Greece,2000,180.829
Greece,1999,185.705
Greece,2022,288.496
Greece,2021,283.3
Greece,2020,281.871
Greece,2019,268.66
Greece,2018,259.068
Greece,2017,251.215
Greece,2016,252.885
Greece,2015,243.794
Greece,2014,249.393
Greece,2013,244.71
Greece,2012,239.261
Greece,1996,169.279
Greece,1995,161.858
Greece,2009,231.592
Greece,2008,232.87
Greece,2007,236.083
Greece,2006,221.908
Greece,2005,215.308
Greece,2004,218.091
Greece,2003,188.795
Greece,2002,186.154
Greece,2011,238.196
Greece,2010,239.857
Greece,1998,181.41
Greece,1997,168.776
Australia,1996,759.433513
Australia,1995,759.164539
Australia,1994,734.587402
Australia,2017,1672.875444
Australia,2016,1632.661236
Australia,2015,1567.955841
Australia,2014,1478.711228
Australia,2013,1383.774093
Australia,2012,1372.07321
Australia,2011,1331.55239
Australia,2010,1266.93091
Australia,2009,1210.900315
Australia,2008,1191.971631
Australia,2007,1101.138474
Australia,1991,674.163353
Australia,1990,685.340457
Australia,2004,977.124788
Australia,2003,951.504036
Australia,2002,910.039687
Australia,2001,901.779226
Australia,2000,892.513976
Australia,1999,841.233715
Australia,1998,797.869854
Australia,1997,805.051825
Australia,2006,1075.870565
Australia,2005,1061.75322
Australia,1993,713.662501
Australia,1992,679.329037
Canada,2003,1603.585
Canada,2002,1556.605
Canada,2001,1509.77
Canada,2023,2557.445
Canada,2022,2480.145
Canada,2021,2389.225
Canada,2020,2211.94
Canada,2019,2243.115
Canada,2018,2180.955
Canada,2017,2128.21
Canada,2016,2088.88
Canada,2015,2046.565
Canada,2014,1987.3
Canada,1998,1376.83
Canada,1997,1336.015
Canada,2011,1900.255
Canada,2010,1866.81
Canada,2009,1829.985
Canada,2008,1796.155
Canada,2007,1753.89
Canada,2006,1668.245
Canada,2005,1626.29
Canada,2004,1619.965
Canada,2013,1960.06
Canada,2012,1920.395
Canada,2000,1479.745
Canada,1999,1422.69
Austria,2001,312.28
Austria,2000,301.24
Austria,1999,297.65
Austria,2022,503.07
Austria,2021,493.9
Austria,2020,474.48
Austria,2019,466.49
Austria,2018,465.82
Austria,2017,457.38
Austria,2016,446.34
Austria,2015,438.54
Austria,2014,425.86
Austria,2013,419.94
Austria,2012,414.7
Austria,1996,284.29
Austria,1995,275.88
Austria,2009,386.71
Austria,2008,374.01
Austria,2007,365.15
Austria,2006,356.84
Austria,2005,346.2
Austria,2004,338.48
Austria,2003,330.02
Austria,2002,321.3
Austria,2011,407.28
Austria,2010,400.25
Austria,1998,297.14
Austria,1997,292.57
European Union (27 countries from 01/02/2020),2001,15749.332901
European Union (27 countries from 01/02/2020),2000,15679.190125
European Union (27 countries from 01/02/2020),1999,15361.454153
European Union (27 countries from 01/02/2020),2022,22711.106928
European Union (27 countries from 01/02/2020),2021,22668.886996
European Union (27 countries from 01/02/2020),2020,22093.764057
European Union (27 countries from 01/02/2020),2019,21759.865995
European Union (27 countries from 01/02/2020),2018,21412.964269
European Union (27 countries from 01/02/2020),2017,21070.101812
European Union (27 countries from 01/02/2020),2016,20712.5884
European Union (27 countries from 01/02/2020),2015,20281.988481
European Union (27 countries from 01/02/2020),2014,19918.951827
European Union (27 countries from 01/02/2020),2013,19595.569261
European Union (27 countries from 01/02/2020),2012,19348.377053
European Union (27 countries from 01/02/2020),1996,14615.923747
European Union (27 countries from 01/02/2020),1995,14316.930397
European Union (27 countries from 01/02/2020),2009,18523.78043
European Union (27 countries from 01/02/2020),2008,18099.723637
European Union (27 countries from 01/02/2020),2007,17753.603277
European Union (27 countries from 01/02/2020),2006,17467.099649
European Union (27 countries from 01/02/2020),2005,17091.78642
European Union (27 countries from 01/02/2020),2004,16794.498726
European Union (27 countries from 01/02/2020),2003,16473.815037
European Union (27 countries from 01/02/2020),2002,16153.114044
European Union (27 countries from 01/02/2020),2011,19162.432154
European Union (27 countries from 01/02/2020),2010,18856.337181
European Union (27 countries from 01/02/2020),1998,15120.430638
European Union (27 countries from 01/02/2020),1997,14863.73032
Germany,2001,4146
Germany,2000,4136
Germany,1999,4017
Germany,2022,6360
Germany,2021,6273
Germany,2020,6143
Germany,2019,6038
Germany,2018,5924
Germany,2017,5812
Germany,2016,5681
Germany,2015,5493
Germany,2014,5317
Germany,2013,5192
Germany,2012,5086
Germany,1996,3752
Germany,1995,3603
Germany,2009,4755
Germany,2008,4613
Germany,2007,4518
Germany,2006,4467
Germany,2005,4448
Germany,2004,4389
Germany,2003,4316
Germany,2002,4268
Germany,2011,4965
Germany,2010,4875
Germany,1998,3911
Germany,1997,3831
Mexico,1999,972.384
Mexico,1998,952.834
Mexico,1997,899.046
Mexico,2022,1332.935
Mexico,2021,1321.559
Mexico,2020,1308.284
Mexico,2019,1278.968
Mexico,2018,1265.655
Mexico,2017,1246.6
Mexico,2016,1235.794
Mexico,2015,1216.797
Mexico,2014,1203.04
Mexico,2013,1203.058
Mexico,2012,1180.502
Mexico,2011,1164.293
Mexico,2010,1148.693
Mexico,1994,893.416
Mexico,1993,870.557
Mexico,2007,1093.084
Mexico,2006,1059.751
Mexico,2005,1057.615
Mexico,2004,1052.467
Mexico,2003,1049.464
Mexico,2002,1015.004
Mexico,2001,1007.744
Mexico,2000,992.063
Mexico,2009,1120.959
Mexico,2008,1106.994
Mexico,1996,904.054
Mexico,1995,914.156
Netherlands,2001,1049
Netherlands,2000,1006
Netherlands,1999,993
Netherlands,2022,1616
Netherlands,2021,1577
Netherlands,2020,1536
Netherlands,2019,1493
Netherlands,2018,1439
Netherlands,2017,1403
Netherlands,2016,1376
Netherlands,2015,1378
Netherlands,2014,1397
Netherlands,2013,1427
Netherlands,2012,1436
Netherlands,1996,901
Netherlands,1995,876
Netherlands,2009,1341
Netherlands,2008,1305
Netherlands,2007,1261
Netherlands,2006,1225
Netherlands,2005,1191
Netherlands,2004,1152
Netherlands,2003,1152
Netherlands,2002,1105
Netherlands,2011,1420
Netherlands,2010,1394
Netherlands,1998,967
Netherlands,1997,933
Ireland,2001,145.226027
Ireland,2000,132.856337
Ireland,1999,121.332618
Ireland,2021,307.093531
Ireland,2020,287.406976
Ireland,2019,290.205587
Ireland,2018,283.484468
Ireland,2017,280.221995
Ireland,2016,273.462503
Ireland,2015,269.43459
Ireland,2014,263.818181
Ireland,2013,260.263603
Ireland,2012,256.80147
Ireland,1996,116.982326
Ireland,1995,107.722079
Ireland,2009,233.488215
Ireland,2008,226.09611
Ireland,2007,217.727897
Ireland,2006,204.385986
Ireland,2005,189.607031
Ireland,2004,179.420088
Ireland,2003,171.613669
Ireland,2002,159.231293
Ireland,2011,254.564022
Ireland,2010,251.998342
Ireland,1998,114.114382
Ireland,1997,116.818428
Costa Rica,2004,52.331
Costa Rica,1993,47.076
Costa Rica,1992,46.166
Costa Rica,1991,43.199
Costa Rica,2022,86.148
Costa Rica,2021,82.554
Costa Rica,2020,85.503
Costa Rica,2019,92.386
Costa Rica,2018,75.602
Costa Rica,2017,74.108
Costa Rica,2016,72.738
Costa Rica,2015,72.057
Costa Rica,2014,83.152
Costa Rica,2013,84.057
Costa Rica,2012,75.097
Costa Rica,2011,73.763
Costa Rica,2010,69.096
Costa Rica,2009,71.805
Costa Rica,2008,64.005
Costa Rica,2007,64.556
Costa Rica,2006,63.08
Costa Rica,2005,63.689
Costa Rica,1988,39.089
Costa Rica,1987,39.846
Costa Rica,2001,59.579
Costa Rica,2000,54.187
Costa Rica,1999,54.266
Costa Rica,1998,60.681
Costa Rica,1997,52.375
Costa Rica,1996,51.999
Costa Rica,1995,48.183
Costa Rica,1994,49.8
Costa Rica,2003,49.149
Costa Rica,2002,53.659
Costa Rica,1990,47.944
Costa Rica,1989,36.399
Italy,2001,1533.5
Italy,2000,1498.1
Italy,1999,1457.2
Italy,2023,2072.5
Italy,2022,2028.9
Italy,2021,2018.9
Italy,2020,2005.9
Italy,2019,1982.2
Italy,2018,1977.4
Italy,2017,1942.7
Italy,2016,1920.6
Italy,2015,1886.9
Italy,2014,1854
Italy,2013,1816.6
Italy,2012,1797.2
Italy,1996,1365.3
Italy,1995,1340.4
Italy,2009,1723.5
Italy,2008,1707.5
Italy,2007,1660.5
Italy,2006,1651.5
Italy,2005,1641.2
Italy,2004,1616.8
Italy,2003,1587.4
Italy,2002,1558.5
Italy,2011,1776.7
Italy,2010,1740
Italy,1998,1434
Italy,1997,1391.4
New Zealand,2014,250.7
New Zealand,2013,242.7
New Zealand,2022,294.6
New Zealand,2021,296.7
New Zealand,2020,293.6
New Zealand,2019,284.4
New Zealand,2018,277.6
New Zealand,2017,261.2
New Zealand,2016,253.9
New Zealand,2015,255.6
Bulgaria,2001,146230
Bulgaria,2000,148407
Bulgaria,1999,148950
Bulgaria,2021,185813
Bulgaria,2020,176529
Bulgaria,2019,169853
Bulgaria,2018,165276
Bulgaria,2017,162251
Bulgaria,2016,160886
Bulgaria,2015,158638
Bulgaria,2014,159682
Bulgaria,2013,157228
Bulgaria,2012,154196
Bulgaria,1996,165611
Bulgaria,1995,159800
Bulgaria,2009,153037
Bulgaria,2008,148376
Bulgaria,2007,157951
Bulgaria,2006,156613
Bulgaria,2005,152883
Bulgaria,2004,153537
Bulgaria,2003,150513
Bulgaria,2002,147686
Bulgaria,2011,153105
Bulgaria,2010,149757
Bulgaria,1998,150471
Bulgaria,1997,162470
Japan,2000,4515
Japan,1999,4246
Japan,1998,4097
Japan,2022,9183
Japan,2021,9008
Japan,2020,8805
Japan,2019,8641
Japan,2018,8515
Japan,2017,8321
Japan,2016,8264
Japan,2015,8030
Japan,2014,7738
Japan,2013,7510
Japan,2012,7313
Japan,2011,7020
Japan,1995,3637
Japan,1994,3503
Japan,2008,6223
Japan,2007,6018
Japan,2006,5901
Japan,2005,5708
Japan,2004,5406
Japan,2003,5176
Japan,2002,4959
Japan,2001,4769
Japan,2010,6799
Japan,2009,6460
Japan,1997,3929
Japan,1996,3770
Romania,2001,243.4
Romania,2000,243.1
Romania,1999,239.9
Romania,2023,406.8
Romania,2022,430.4
Romania,2021,420.3
Romania,2020,410.8
Romania,2019,414.5
Romania,2018,401.3
Romania,2017,399.4
Romania,2016,379.9
Romania,2015,377.9
Romania,2014,359.1
Romania,2013,345.2
Romania,2012,346.7
Romania,1996,254.7
Romania,1995,255.8
Romania,2009,366.7
Romania,2008,359.3
Romania,2007,348.2
Romania,2006,352.9
Romania,2005,321.6
Romania,2004,328
Romania,2003,263.1
Romania,2002,278.4
Romania,2011,363
Romania,2010,364.3
Romania,1998,237.2
Romania,1997,257.1
Estonia,2001,30.71
Estonia,2000,30.05
Estonia,1999,30.59
Estonia,2022,45.89
Estonia,2021,41.38
Estonia,2020,39.99
Estonia,2019,39.97
Estonia,2018,39.99
Estonia,2017,38.92
Estonia,2016,38.4
Estonia,2015,38.59
Estonia,2014,37.65
Estonia,2013,36.04
Estonia,2012,34.82
Estonia,1996,34.39
Estonia,1995,34.01
Estonia,2009,32.49
Estonia,2008,32.99
Estonia,2007,34.13
Estonia,2006,35.58
Estonia,2005,36.74
Estonia,2004,37.13
Estonia,2003,36.14
Estonia,2002,33.59
Estonia,2011,34.12
Estonia,2010,33.8
Estonia,1998,32.69
Estonia,1997,33.97
Colombia,2016,860.996
Colombia,2015,840.22
Colombia,2022,966.28
Colombia,2021,936.745
Colombia,2020,777.17
Colombia,2019,898.35
Colombia,2018,883.53
Colombia,2017,886.944
Poland,2001,793.6
Poland,2000,887.5
Poland,1999,870.8
Poland,2022,1128.6
Poland,2021,1097.6
Poland,2020,1003.4
Poland,2019,982.6
Poland,2018,980.6
Poland,2017,978.4
Poland,2016,964.8
Poland,2015,943.8
Poland,2014,933.6
Poland,2013,938
Poland,2012,903.8
Poland,1996,957.3
Poland,1995,974.4
Poland,2009,878.5
Poland,2008,853.8
Poland,2007,835.2
Poland,2006,839.5
Poland,2005,795.2
Poland,2004,796.2
Poland,2003,827.3
Poland,2002,807.3
Poland,2011,888.5
Poland,2010,900.1
Poland,1998,912.5
Poland,1997,934.4
United Kingdom,2001,2855.006
United Kingdom,2000,2783.571
United Kingdom,1999,2711.706
United Kingdom,2022,4162.472
United Kingdom,2021,4192.273
United Kingdom,2020,4120.882
United Kingdom,2019,4027.383
United Kingdom,2018,3977.971
United Kingdom,2017,3947.248
United Kingdom,2016,3883.864
United Kingdom,2015,3865.905
United Kingdom,2014,3837.573
United Kingdom,2013,3808.577
United Kingdom,2012,3710.845
United Kingdom,1996,2683.669
United Kingdom,1995,2659.648
United Kingdom,2009,3485.992
United Kingdom,2008,3383.405
United Kingdom,2007,3302.988
United Kingdom,2006,3305.633
United Kingdom,2005,3218.932
United Kingdom,2004,3128.067
United Kingdom,2003,3004.8
United Kingdom,2002,2935.512
United Kingdom,2011,3689.675
United Kingdom,2010,3642.404
United Kingdom,1998,2678.246
United Kingdom,1997,2702.066
France,1970,1636
France,1969,1587
France,1968,1543
France,1967,1518
France,1966,1495
France,1965,1460
France,2022,4057
France,2021,4039
France,2020,3955
France,2019,3933
France,2018,3915
France,2017,3910
France,2016,3890
France,2015,3869
France,2014,3835
France,2013,3777
France,2012,3731
France,2011,3691
France,2010,3624
France,2009,3565
France,2008,3482
France,2007,3436
France,2006,3353
France,2005,3269
France,2004,3182
France,2003,3109
France,2002,3078
France,2001,3052
France,2000,3058
France,1999,3025
France,1998,2979
France,1997,2920
France,1996,2851
France,1995,2767
France,1994,2709
France,1993,2623
France,1992,2538
France,1991,2495
France,1956,1255
France,1955,1226
France,1954,1206
France,1988,2352
France,1987,2320
France,1986,2261
France,1985,2222
France,1984,2173
France,1983,2118
France,1982,2078
France,1981,2025
France,1980,1973
France,1979,1936
France,1978,1879
France,1977,1862
France,1976,1825
France,1975,1787
France,1974,1756
France,1973,1724
France,1972,1693
France,1971,1664
France,1951,1127
France,1950,1110
France,1964,1437
France,1963,1412
France,1962,1387
France,1961,1361
France,1960,1338
France,1959,1324
France,1958,1305
France,1957,1281
France,1990,2440
France,1989,2413
France,1953,1200
France,1952,1165
Latvia,2001,49.913
Latvia,2000,52.52
Latvia,1999,54.357
Latvia,2022,54.53
Latvia,2021,52.953
Latvia,2020,51.276
Latvia,2019,50.338
Latvia,2018,49.451
Latvia,2017,48.889
Latvia,2016,48.219
Latvia,2015,47.249
Latvia,2014,46.596
Latvia,2013,47.543
Latvia,2012,48.778
Latvia,1996,53.188
Latvia,1995,52.894
Latvia,2009,48.679
Latvia,2008,51.725
Latvia,2007,48.916
Latvia,2006,49.221
Latvia,2005,48.908
Latvia,2004,47.295
Latvia,2003,48.199
Latvia,2002,48.45
Latvia,2011,46.745
Latvia,2010,45.244
Latvia,1998,55.35
Latvia,1997,55.556
Iceland,1997,17.1
Iceland,1996,17.4
Iceland,1995,17.4
Iceland,2022,26.4
Iceland,2021,25.9
Iceland,2020,25.5
Iceland,2019,23.6
Iceland,2018,22.4
Iceland,2017,21.5
Iceland,2016,20.9
Iceland,2015,20.9
Iceland,2014,20.6
Iceland,2013,20.1
Iceland,2012,19.8
Iceland,2011,19.6
Iceland,2010,20.1
Iceland,2009,20.7
Iceland,2008,20.1
Iceland,1992,15.7
Iceland,1991,15.3
Iceland,2005,18.2
Iceland,2004,18.2
Iceland,2003,19.1
Iceland,2002,18
Iceland,2001,18.1
Iceland,2000,16.7
Iceland,1999,17.1
Iceland,1998,17.2
Iceland,2007,18.9
Iceland,2006,18.6
Iceland,1994,17.1
Iceland,1993,16.3
Luxembourg,2001,18.462
Luxembourg,2000,17.476
Luxembourg,1999,16.015
Luxembourg,2022,54.893
Luxembourg,2021,54.507
Luxembourg,2020,51.908
Luxembourg,2019,49.371
Luxembourg,2018,46.52
Luxembourg,2017,44.955
Luxembourg,2016,42.938
Luxembourg,2015,41.844
Luxembourg,2014,40.276
Luxembourg,2013,38.802
Luxembourg,2012,36.181
Luxembourg,1996,14.069
Luxembourg,1995,13.46
Luxembourg,2009,29.761
Luxembourg,2008,28.296
Luxembourg,2007,26.883
Luxembourg,2006,25.569
Luxembourg,2005,24.234
Luxembourg,2004,22.867
Luxembourg,2003,21.493
Luxembourg,2002,20.014
Luxembourg,2011,33.934
Luxembourg,2010,31.969
Luxembourg,1998,15.293
Luxembourg,1997,14.622
Spain,2001,883.9
Spain,2000,876.3
Spain,1999,841.6
Spain,2022,1733.6
Spain,2021,1656.9
Spain,2020,1592.6
Spain,2019,1546.1
Spain,2018,1496.7
Spain,2017,1452.1
Spain,2016,1401.9
Spain,2015,1355.8
Spain,2014,1331.1
Spain,2013,1294
Spain,2012,1311
Spain,1996,764
Spain,1995,764.4
Spain,2009,1278.9
Spain,2008,1256.9
Spain,2007,1220.6
Spain,2006,1177.7
Spain,2005,1103
Spain,2004,1040.7
Spain,2003,989.5
Spain,2002,920.3
Spain,2011,1353.3
Spain,2010,1327.4
Spain,1998,815.5
Spain,1997,787.8
Croatia,2001,82.304
Croatia,2000,82.463
Croatia,1999,82.097
Croatia,2022,106.769
Croatia,2021,107.229
Croatia,2020,107.749
Croatia,2019,109.57
Croatia,2018,102.057
Croatia,2017,99.137
Croatia,2016,96.29
Croatia,2015,97.271
Croatia,2014,97.63
Croatia,2013,87.78
Croatia,2012,83.046
Croatia,1996,82.395
Croatia,1995,82.479
Croatia,2009,91.253
Croatia,2008,85.431
Croatia,2007,83.253
Croatia,2006,81.917
Croatia,2005,80.703
Croatia,2004,80.266
Croatia,2003,82.014
Croatia,2002,81.83
Croatia,2011,81.573
Croatia,2010,88.799
Croatia,1998,82.238
Croatia,1997,82.313
Lithuania,2001,97.214
Lithuania,2000,93.818
Lithuania,1999,97.996
Lithuania,2022,109.603
Lithuania,2021,100.231
Lithuania,2020,96.677
Lithuania,2019,99.431
Lithuania,2018,94.294
Lithuania,2017,92.567
Lithuania,2016,92.151
Lithuania,2015,89.795
Lithuania,2014,84.683
Lithuania,2013,84.771
Lithuania,2012,85.478
Lithuania,1996,98.715
Lithuania,1995,99.45
Lithuania,2009,87.14
Lithuania,2008,88.927
Lithuania,2007,94.502
Lithuania,2006,98.04
Lithuania,2005,94.745
Lithuania,2004,97.618
Lithuania,2003,96.846
Lithuania,2002,92.496
Lithuania,2011,87.363
Lithuania,2010,87.619
Lithuania,1998,100.203
Lithuania,1997,99.316
Russia,2018,4404
Russia,2017,4450.3
Russia,2019,4400
Korea,2014,1708.5
Korea,2013,1565.5
Korea,2022,2714.2
Korea,2021,2534
Korea,2020,2336.3
Korea,2019,2206
Korea,2018,2046.2
Korea,2017,1921.3
Korea,2016,1860.8
Korea,2015,1781
Euro area (20 countries),2001,12823.293436
Euro area (20 countries),2000,12672.534339
Euro area (20 countries),1999,12396.405388
Euro area (20 countries),2022,19139.40661
Euro area (20 countries),2021,18813.696451
Euro area (20 countries),2020,18389.924747
Euro area (20 countries),2019,18106.693825
Euro area (20 countries),2018,17793.892793
Euro area (20 countries),2017,17495.141248
Euro area (20 countries),2016,17183.405048
Euro area (20 countries),2015,16831.580949
Euro area (20 countries),2014,16531.912221
Euro area (20 countries),2013,16252.917845
Euro area (20 countries),2012,16072.907857
Euro area (20 countries),1996,11569.447948
Euro area (20 countries),1995,11243.926952
Euro area (20 countries),2009,15248.863478
Euro area (20 countries),2008,14901.557842
Euro area (20 countries),2007,14580.995254
Euro area (20 countries),2006,14297.136077
Euro area (20 countries),2005,14017.508229
Euro area (20 countries),2004,13713.672637
Euro area (20 countries),2003,13423.494231
Euro area (20 countries),2002,13148.611733
Euro area (20 countries),2011,15877.091339
Euro area (20 countries),2010,15590.395975
Euro area (20 countries),1998,12124.91719
Euro area (20 countries),1997,11834.337872

